method,queueing_time,congestion_exposure_time,moderate_congestion_exposure_time,severe_congestion_exposure_time,time,avg_speed,wall_clock_runtime_s
ACO,53410.0,30998.5,30998.5,24554.5,458.5,1.1681186945495536,7.677584200166166
ImprovedAStar,48950.0,25836.0,25836.0,18153.0,350.0,1.204619271828178,59.08501069992781
AdaptiveSingleNextHop,43807.5,24666.0,24666.0,16971.5,319.5,1.1816879850752318,95.06123650004156
