node,hit_count,avg_people,avg_density,first_time,last_time
Escalator_L18_Exit12_up2,1228,17.86970684039088,8.674614971063532,160.5,313.5
Escalator_L2_down1,788,33.32106598984772,15.867174280879864,45.5,110.5
Transfer_Mid_L18_F2_Left_Esc2,456,34.32675438596491,16.663473002895586,111.0,160.0
VN_2to7_Exit,254,132.81496062992127,4.036928894526482,24.0,43.5
Transfer_L2_L18_F1_Esc1,211,23.57345971563981,11.443427046427091,2.0,23.5
Escalator_L7_up1,32,22.28125,11.979166666666666,59.0,62.5
Transfer_L2_L16_Esc1,27,37.25925925925926,18.62962962962963,0.0,1.5
Stair_L7_2,21,13.333333333333334,3.546099290780142,44.0,45.0
