scenario_mode,scenario_label,total_people,method,time,queueing_time,moderate_congestion_exposure_time,severe_congestion_exposure_time,avg_speed,wall_clock_runtime_s
2,mode2_upbound_full_train,10046,ACO,1206.5,1699159.0,1831412.5,1586617.5,1.0112873089431886,21.43236600002274
2,mode2_upbound_full_train,10046,ImprovedAStar,647.5,595064.5,693431.5,410314.5,1.0456934637074429,287.8287414999213
2,mode2_upbound_full_train,10046,AdaptiveSingleNextHop,666.5,513001.5,637580.5,383503.0,1.033762937407289,628.6228582002223
3,mode3_downbound_full_train,10046,ACO,1206.5,1587960.0,1718454.5,1474122.0,1.0109462258686999,21.29340169997886
3,mode3_downbound_full_train,10046,ImprovedAStar,645.0,605958.5,709718.5,432044.0,1.0461914713775107,264.09506829991005
