node,hit_count,avg_people,avg_density,first_time,last_time
Escalator_L2_down1,12043,362.2422984306236,172.49633258601122,262.5,1189.0
Stair_Maglev_6,3971,250.97028456308234,96.52703252426244,32.5,184.5
Escalator_L7_up1,3569,265.2087419445223,142.58534513146358,185.0,262.0
Transfer_L2_L18_F1_Esc1,207,23.893719806763286,11.598893110079263,2.0,23.0
VN_2to7_Exit,85,140.14117647058825,4.259610227069552,25.0,32.0
Transfer_L2_L16_Esc1,27,37.25925925925926,18.62962962962963,0.0,1.5
Train_L2_1_Car1,12,254.0,3.5967148116680825,23.5,24.5
